{
  "Use libtickit protocol" : false,
  "Tags" : [

  ],
  "Ansi 12 Color" : {
    "Red Component" : 0.47843137383460999,
    "Color Space" : "sRGB",
    "Blue Component" : 0.9686274528503418,
    "Alpha Component" : 1,
    "Green Component" : 0.63529413938522339
  },
  "Custom Directory" : "No",
  "Draw Powerline Glyphs" : true,
  "Bold Color" : {
    "Red Component" : 0.93333333730697632,
    "Color Space" : "sRGB",
    "Blue Component" : 0.93333333730697632,
    "Alpha Component" : 1,
    "Green Component" : 0.93333333730697632
  },
  "Open Password Manager Automatically" : false,
  "Use Non-ASCII Font" : false,
  "Ansi 7 Color" : {
    "Red Component" : 0.66274511814117432,
    "Color Space" : "sRGB",
    "Blue Component" : 0.83921569585800171,
    "Alpha Component" : 1,
    "Green Component" : 0.69411766529083252
  },
  "Rows" : 25,
  "Default Bookmark" : "No",
  "Ansi 8 Color" : {
    "Red Component" : 0.25490197539329529,
    "Color Space" : "sRGB",
    "Blue Component" : 0.40784314274787903,
    "Alpha Component" : 1,
    "Green Component" : 0.28235295414924622
  },
  "Ansi 9 Color" : {
    "Red Component" : 0.9686274528503418,
    "Color Space" : "sRGB",
    "Blue Component" : 0.55686277151107788,
    "Alpha Component" : 1,
    "Green Component" : 0.46274510025978088
  },
  "Link Color" : {
    "Red Component" : 0.45098039507865906,
    "Color Space" : "sRGB",
    "Blue Component" : 0.7921568751335144,
    "Alpha Component" : 1,
    "Green Component" : 0.85490196943283081
  },
  "Right Option Key Sends" : 0,
  "Cursor Guide Color" : {
    "Red Component" : 0.70213186740875244,
    "Color Space" : "sRGB",
    "Blue Component" : 1,
    "Alpha Component" : 0.25,
    "Green Component" : 0.9268307089805603
  },
  "Non-ASCII Anti Aliased" : true,
  "Use Bright Bold" : true,
  "Ansi 10 Color" : {
    "Red Component" : 0.61960786581039429,
    "Color Space" : "sRGB",
    "Blue Component" : 0.41568627953529358,
    "Alpha Component" : 1,
    "Green Component" : 0.80784314870834351
  },
  "Ambiguous Double Width" : false,
  "Jobs to Ignore" : [
    "rlogin",
    "ssh",
    "slogin",
    "telnet"
  ],
  "Ansi 15 Color" : {
    "Red Component" : 0.75294119119644165,
    "Color Space" : "sRGB",
    "Blue Component" : 0.96078431606292725,
    "Alpha Component" : 1,
    "Green Component" : 0.7921568751335144
  },
  "Foreground Color" : {
    "Red Component" : 0.75294119119644165,
    "Color Space" : "sRGB",
    "Blue Component" : 0.96078431606292725,
    "Alpha Component" : 1,
    "Green Component" : 0.7921568751335144
  },
  "Bound Hosts" : [

  ],
  "Working Directory" : "\/Users\/clive",
  "Blinking Cursor" : true,
  "Disable Window Resizing" : true,
  "Sync Title" : false,
  "Prompt Before Closing 2" : false,
  "BM Growl" : true,
  "Mouse Reporting" : true,
  "Command" : "",
  "Description" : "Default",
  "Screen" : -1,
  "Selection Color" : {
    "Red Component" : 0.20000000298023224,
    "Color Space" : "sRGB",
    "Blue Component" : 0.48627451062202454,
    "Alpha Component" : 1,
    "Green Component" : 0.27450981736183167
  },
  "Initial Use Transparency" : false,
  "Columns" : 80,
  "Idle Code" : 0,
  "Ansi 13 Color" : {
    "Red Component" : 0.73333334922790527,
    "Color Space" : "sRGB",
    "Blue Component" : 0.9686274528503418,
    "Alpha Component" : 1,
    "Green Component" : 0.60392159223556519
  },
  "Custom Command" : "No",
  "ASCII Anti Aliased" : true,
  "Non Ascii Font" : "Monaco 12",
  "Vertical Spacing" : 1,
  "Use Bold Font" : true,
  "Option Key Sends" : 0,
  "Selected Text Color" : {
    "Red Component" : 0.75294119119644165,
    "Color Space" : "sRGB",
    "Blue Component" : 0.96078431606292725,
    "Alpha Component" : 1,
    "Green Component" : 0.7921568751335144
  },
  "Background Color" : {
    "Red Component" : 0.10196078568696976,
    "Color Space" : "sRGB",
    "Blue Component" : 0.14901961386203766,
    "Alpha Component" : 1,
    "Green Component" : 0.10588235408067703
  },
  "Character Encoding" : 4,
  "Ansi 11 Color" : {
    "Red Component" : 0.87843137979507446,
    "Color Space" : "sRGB",
    "Blue Component" : 0.40784314274787903,
    "Alpha Component" : 1,
    "Green Component" : 0.68627452850341797
  },
  "Thin Strokes" : 4,
  "Use Italic Font" : true,
  "Unlimited Scrollback" : false,
  "Keyboard Map" : {

  },
  "Window Type" : 15,
  "Background Image Location" : "",
  "Blur" : false,
  "Badge Color" : {
    "Red Component" : 1,
    "Color Space" : "sRGB",
    "Blue Component" : 0,
    "Alpha Component" : 0.5,
    "Green Component" : 0.1491314172744751
  },
  "Scrollback Lines" : 1000,
  "Send Code When Idle" : false,
  "Close Sessions On End" : true,
  "Terminal Type" : "screen-256color",
  "Visual Bell" : false,
  "Flashing Bell" : false,
  "Silence Bell" : true,
  "Unicode Normalization" : 0,
  "Ansi 14 Color" : {
    "Red Component" : 0.49019607901573181,
    "Color Space" : "sRGB",
    "Blue Component" : 1,
    "Alpha Component" : 1,
    "Green Component" : 0.81176471710205078
  },
  "ASCII Ligatures" : false,
  "Name" : "Scott",
  "Cursor Text Color" : {
    "Red Component" : 0.08235294371843338,
    "Color Space" : "sRGB",
    "Blue Component" : 0.11764705926179886,
    "Alpha Component" : 1,
    "Green Component" : 0.086274512112140656
  },
  "Minimum Contrast" : 0,
  "Shortcut" : "",
  "Cursor Color" : {
    "Red Component" : 0.75294119119644165,
    "Color Space" : "sRGB",
    "Blue Component" : 0.96078431606292725,
    "Alpha Component" : 1,
    "Green Component" : 0.7921568751335144
  },
  "Ansi 0 Color" : {
    "Red Component" : 0.08235294371843338,
    "Color Space" : "sRGB",
    "Blue Component" : 0.11764705926179886,
    "Alpha Component" : 1,
    "Green Component" : 0.086274512112140656
  },
  "Ansi 1 Color" : {
    "Red Component" : 0.9686274528503418,
    "Color Space" : "sRGB",
    "Blue Component" : 0.55686277151107788,
    "Alpha Component" : 1,
    "Green Component" : 0.46274510025978088
  },
  "Horizontal Spacing" : 1,
  "Ansi 3 Color" : {
    "Red Component" : 0.87843137979507446,
    "Color Space" : "sRGB",
    "Blue Component" : 0.40784314274787903,
    "Alpha Component" : 1,
    "Green Component" : 0.68627452850341797
  },
  "Transparency" : 0,
  "Ansi 5 Color" : {
    "Red Component" : 0.73333334922790527,
    "Color Space" : "sRGB",
    "Blue Component" : 0.9686274528503418,
    "Alpha Component" : 1,
    "Green Component" : 0.60392159223556519
  },
  "Has Hotkey" : false,
  "Ansi 6 Color" : {
    "Red Component" : 0.49019607901573181,
    "Color Space" : "sRGB",
    "Blue Component" : 1,
    "Alpha Component" : 1,
    "Green Component" : 0.81176471710205078
  },
  "Normal Font" : "SauceCodeProNerdFontComplete-Semibold 15",
  "Guid" : "7535420A-A382-48DD-A600-F04F77246216",
  "Ansi 2 Color" : {
    "Red Component" : 0.61960786581039429,
    "Color Space" : "sRGB",
    "Blue Component" : 0.41568627953529358,
    "Alpha Component" : 1,
    "Green Component" : 0.80784314870834351
  },
  "Ansi 4 Color" : {
    "Red Component" : 0.47843137383460999,
    "Color Space" : "sRGB",
    "Blue Component" : 0.9686274528503418,
    "Alpha Component" : 1,
    "Green Component" : 0.63529413938522339
  }
}